<?xml version="1.0" encoding="UTF-8"?>
<ms>
<m>OK</m>
<m>Cancel</m>
<m>Edit Map Annotation</m>
<m>Update Map</m>
<m>Select a Pattern</m>
<m>Click the title to edit</m>
<m>Click class colors or patterns to edit</m>
<m>Map Source URL: </m>
<m>Click annotation text to edit</m>
<m>Print</m>
<m>Send the map to printer</m>
<m>Help</m>
<m>Click map title, annotation, or legend patterns to edit. Click here for more help</m>
<m>Close</m>
<m>Close the print layout</m>
<m>AxioMap: <u>A</u>pplication of <u>X</u>ML for <u>I</u>nteractive <u>O</u>nline <u>Map</u>ping</m>
<m>http://www.elzaresearch.com/landv/</m>
<m>LandV, 2001</m>
<m>patterns</m>
<m>colors</m>
<m>Edit the Variable Name</m>
<m>Save</m>
<m>Variable with this name will be available under  &lt;&lt; SAVED VARIABLES &gt;&gt; </m>
<m>Edit Map Title</m>
<m>or enter color number:</m>
<m>Select a Color</m>
<m>26</m>
</ms>
